<?xml version="1.0" encoding="UTF-8" standalone="no" ?> 
<ip_presets schema="1.0">
  <ip_preset preset_proc_name="ps7_preset">
    <ip vendor="xilinx.com" library="ip" name="processing_system7" version="*">
      <user_parameters>
		<user_parameter name="CONFIG.PCW_DDR_RAM_HIGHADDR" value="0x3FFFFFFF"/> 
		<user_parameter name="CONFIG.PCW_APU_CLK_RATIO_ENABLE" value="6:2:1"/>
		<user_parameter name="CONFIG.PCW_APU_PERIPHERAL_FREQMHZ" value="667"/>
		<user_parameter name="CONFIG.PCW_ARMPLL_CTRL_FBDIV" value="39"/>
		<user_parameter name="CONFIG.PCW_CPU_CPU_PLL_FREQMHZ" value="1300.000"/>
		<user_parameter name="CONFIG.PCW_CPU_PERIPHERAL_CLKSRC" value="ARM PLL"/>
		<user_parameter name="CONFIG.PCW_CPU_PERIPHERAL_DIVISOR0" value="2"/>
		<user_parameter name="CONFIG.PCW_CRYSTAL_PERIPHERAL_FREQMHZ" value="33.333333"/>
		<user_parameter name="CONFIG.PCW_DCI_PERIPHERAL_CLKSRC" value="DDR PLL"/>
		<user_parameter name="CONFIG.PCW_DCI_PERIPHERAL_DIVISOR0" value="15"/>
		<user_parameter name="CONFIG.PCW_DCI_PERIPHERAL_DIVISOR1" value="7"/>
		<user_parameter name="CONFIG.PCW_DCI_PERIPHERAL_FREQMHZ" value="10.159"/>
		<user_parameter name="CONFIG.PCW_DDRPLL_CTRL_FBDIV" value="32"/>
		<user_parameter name="CONFIG.PCW_DDR_DDR_PLL_FREQMHZ" value="1066.667"/>
		<user_parameter name="CONFIG.PCW_DDR_HPRLPR_QUEUE_PARTITION" value="HPR(0)/LPR(32)"/>
		<user_parameter name="CONFIG.PCW_DDR_HPR_TO_CRITICAL_PRIORITY_LEVEL" value="15"/>
		<user_parameter name="CONFIG.PCW_DDR_LPR_TO_CRITICAL_PRIORITY_LEVEL" value="2"/>
		<user_parameter name="CONFIG.PCW_DDR_PERIPHERAL_CLKSRC" value="DDR PLL"/>
		<user_parameter name="CONFIG.PCW_DDR_PERIPHERAL_DIVISOR0" value="2"/>
		<user_parameter name="CONFIG.PCW_DDR_WRITE_TO_CRITICAL_PRIORITY_LEVEL" value="2"/>
		<user_parameter name="CONFIG.PCW_ENET0_ENET0_IO" value="MIO 16 .. 27"/>
		<user_parameter name="CONFIG.PCW_ENET0_GRP_MDIO_ENABLE" value="1"/>
		<user_parameter name="CONFIG.PCW_ENET0_PERIPHERAL_CLKSRC" value="IO PLL"/>
		<user_parameter name="CONFIG.PCW_ENET0_PERIPHERAL_DIVISOR0" value="8"/>
		<user_parameter name="CONFIG.PCW_ENET0_PERIPHERAL_DIVISOR1" value="1"/>
		<user_parameter name="CONFIG.PCW_ENET0_PERIPHERAL_ENABLE" value="1"/>
		<user_parameter name="CONFIG.PCW_ENET0_PERIPHERAL_FREQMHZ" value="1000 Mbps"/>
		<user_parameter name="CONFIG.PCW_ENET1_PERIPHERAL_CLKSRC" value="IO PLL"/>
		<user_parameter name="CONFIG.PCW_ENET1_PERIPHERAL_DIVISOR0" value="1"/>
		<user_parameter name="CONFIG.PCW_ENET1_PERIPHERAL_DIVISOR1" value="1"/>
		<user_parameter name="CONFIG.PCW_ENET1_PERIPHERAL_ENABLE" value="0"/>
		<user_parameter name="CONFIG.PCW_ENET1_PERIPHERAL_FREQMHZ" value="1000 Mbps"/>
		<user_parameter name="CONFIG.PCW_ENET_RESET_ENABLE" value="1"/>
		<user_parameter name="CONFIG.PCW_ENET_RESET_POLARITY" value="Active Low"/>
		<user_parameter name="CONFIG.PCW_ENET_RESET_SELECT" value="Share reset pin"/>
		<user_parameter name="CONFIG.PCW_EN_4K_TIMER" value="0"/>
		<user_parameter name="CONFIG.PCW_EN_CLK0_PORT" value="1"/>
		<user_parameter name="CONFIG.PCW_EN_CLK1_PORT" value="0"/>
		<user_parameter name="CONFIG.PCW_EN_CLK2_PORT" value="0"/>
		<user_parameter name="CONFIG.PCW_EN_CLK3_PORT" value="0"/>
		<user_parameter name="CONFIG.PCW_FCLK0_PERIPHERAL_CLKSRC" value="IO PLL"/>
		<user_parameter name="CONFIG.PCW_FCLK0_PERIPHERAL_DIVISOR0" value="5"/>
		<user_parameter name="CONFIG.PCW_FCLK0_PERIPHERAL_DIVISOR1" value="2"/>
		<user_parameter name="CONFIG.PCW_FCLK1_PERIPHERAL_CLKSRC" value="IO PLL"/>
		<user_parameter name="CONFIG.PCW_FCLK1_PERIPHERAL_DIVISOR0" value="1"/>
		<user_parameter name="CONFIG.PCW_FCLK1_PERIPHERAL_DIVISOR1" value="1"/>
		<user_parameter name="CONFIG.PCW_FCLK2_PERIPHERAL_CLKSRC" value="IO PLL"/>
		<user_parameter name="CONFIG.PCW_FCLK2_PERIPHERAL_DIVISOR0" value="1"/>
		<user_parameter name="CONFIG.PCW_FCLK2_PERIPHERAL_DIVISOR1" value="1"/>
		<user_parameter name="CONFIG.PCW_FCLK3_PERIPHERAL_CLKSRC" value="IO PLL"/>
		<user_parameter name="CONFIG.PCW_FCLK3_PERIPHERAL_DIVISOR0" value="1"/>
		<user_parameter name="CONFIG.PCW_FCLK3_PERIPHERAL_DIVISOR1" value="1"/>
		<user_parameter name="CONFIG.PCW_FCLK_CLK0_BUF" value="TRUE"/>
		<user_parameter name="CONFIG.PCW_FCLK_CLK1_BUF" value="FALSE"/>
		<user_parameter name="CONFIG.PCW_FCLK_CLK2_BUF" value="FALSE"/>
		<user_parameter name="CONFIG.PCW_FCLK_CLK3_BUF" value="FALSE"/>
		<user_parameter name="CONFIG.PCW_FPGA0_PERIPHERAL_FREQMHZ" value="100"/>
		<user_parameter name="CONFIG.PCW_FPGA1_PERIPHERAL_FREQMHZ" value="200"/>
		<user_parameter name="CONFIG.PCW_FPGA2_PERIPHERAL_FREQMHZ" value="50"/>
		<user_parameter name="CONFIG.PCW_FPGA3_PERIPHERAL_FREQMHZ" value="50"/> 
		<user_parameter name="CONFIG.PCW_GPIO_EMIO_GPIO_ENABLE" value="0"/>
		<user_parameter name="CONFIG.PCW_GPIO_MIO_GPIO_ENABLE" value="1"/>
		<user_parameter name="CONFIG.PCW_GPIO_MIO_GPIO_IO" value="MIO"/>
		<user_parameter name="CONFIG.PCW_GPIO_PERIPHERAL_ENABLE" value="0"/>
		<user_parameter name="CONFIG.PCW_IOPLL_CTRL_FBDIV" value="30"/>
		<user_parameter name="CONFIG.PCW_IO_IO_PLL_FREQMHZ" value="1000.000"/>
		<user_parameter name="CONFIG.PCW_IRQ_F2P_MODE" value="DIRECT"/>
		<user_parameter name="CONFIG.PCW_MIO_0_DIRECTION" value="inout"/>
		<user_parameter name="CONFIG.PCW_MIO_0_IOTYPE" value="LVCMOS 3.3V"/>
		<user_parameter name="CONFIG.PCW_MIO_0_PULLUP" value="enabled"/>
		<user_parameter name="CONFIG.PCW_MIO_0_SLEW" value="slow"/>
		<user_parameter name="CONFIG.PCW_MIO_10_DIRECTION" value="inout"/>
		<user_parameter name="CONFIG.PCW_MIO_10_IOTYPE" value="LVCMOS 3.3V"/>
		<user_parameter name="CONFIG.PCW_MIO_10_PULLUP" value="enabled"/>
		<user_parameter name="CONFIG.PCW_MIO_10_SLEW" value="slow"/>
		<user_parameter name="CONFIG.PCW_MIO_11_DIRECTION" value="inout"/>
		<user_parameter name="CONFIG.PCW_MIO_11_IOTYPE" value="LVCMOS 3.3V"/>
		<user_parameter name="CONFIG.PCW_MIO_11_PULLUP" value="enabled"/>
		<user_parameter name="CONFIG.PCW_MIO_11_SLEW" value="slow"/>
		<user_parameter name="CONFIG.PCW_MIO_12_DIRECTION" value="inout"/>
		<user_parameter name="CONFIG.PCW_MIO_12_IOTYPE" value="LVCMOS 3.3V"/>
		<user_parameter name="CONFIG.PCW_MIO_12_PULLUP" value="enabled"/>
		<user_parameter name="CONFIG.PCW_MIO_12_SLEW" value="slow"/>
		<user_parameter name="CONFIG.PCW_MIO_13_DIRECTION" value="inout"/>
		<user_parameter name="CONFIG.PCW_MIO_13_IOTYPE" value="LVCMOS 3.3V"/>
		<user_parameter name="CONFIG.PCW_MIO_13_PULLUP" value="enabled"/>
		<user_parameter name="CONFIG.PCW_MIO_13_SLEW" value="slow"/>
		<user_parameter name="CONFIG.PCW_MIO_14_DIRECTION" value="inout"/>
		<user_parameter name="CONFIG.PCW_MIO_14_IOTYPE" value="LVCMOS 3.3V"/>
		<user_parameter name="CONFIG.PCW_MIO_14_PULLUP" value="enabled"/>
		<user_parameter name="CONFIG.PCW_MIO_14_SLEW" value="slow"/>
		<user_parameter name="CONFIG.PCW_MIO_15_DIRECTION" value="inout"/>
		<user_parameter name="CONFIG.PCW_MIO_15_IOTYPE" value="LVCMOS 3.3V"/>
		<user_parameter name="CONFIG.PCW_MIO_15_PULLUP" value="enabled"/>
		<user_parameter name="CONFIG.PCW_MIO_15_SLEW" value="slow"/>
		<user_parameter name="CONFIG.PCW_MIO_16_DIRECTION" value="out"/>
		<user_parameter name="CONFIG.PCW_MIO_16_IOTYPE" value="LVCMOS 1.8V"/>
		<user_parameter name="CONFIG.PCW_MIO_16_PULLUP" value="enabled"/>
		<user_parameter name="CONFIG.PCW_MIO_16_SLEW" value="fast"/>
		<user_parameter name="CONFIG.PCW_MIO_17_DIRECTION" value="out"/>
		<user_parameter name="CONFIG.PCW_MIO_17_IOTYPE" value="LVCMOS 1.8V"/>
		<user_parameter name="CONFIG.PCW_MIO_17_PULLUP" value="enabled"/>
		<user_parameter name="CONFIG.PCW_MIO_17_SLEW" value="fast"/>
		<user_parameter name="CONFIG.PCW_MIO_18_DIRECTION" value="out"/>
		<user_parameter name="CONFIG.PCW_MIO_18_IOTYPE" value="LVCMOS 1.8V"/>
		<user_parameter name="CONFIG.PCW_MIO_18_PULLUP" value="enabled"/>
		<user_parameter name="CONFIG.PCW_MIO_18_SLEW" value="fast"/>
		<user_parameter name="CONFIG.PCW_MIO_19_DIRECTION" value="out"/>
		<user_parameter name="CONFIG.PCW_MIO_19_IOTYPE" value="LVCMOS 1.8V"/>
		<user_parameter name="CONFIG.PCW_MIO_19_PULLUP" value="enabled"/>
		<user_parameter name="CONFIG.PCW_MIO_19_SLEW" value="fast"/>
		<user_parameter name="CONFIG.PCW_MIO_1_DIRECTION" value="out"/>
		<user_parameter name="CONFIG.PCW_MIO_1_IOTYPE" value="LVCMOS 3.3V"/>
		<user_parameter name="CONFIG.PCW_MIO_1_PULLUP" value="enabled"/>
		<user_parameter name="CONFIG.PCW_MIO_1_SLEW" value="slow"/>
		<user_parameter name="CONFIG.PCW_MIO_20_DIRECTION" value="out"/>
		<user_parameter name="CONFIG.PCW_MIO_20_IOTYPE" value="LVCMOS 1.8V"/>
		<user_parameter name="CONFIG.PCW_MIO_20_PULLUP" value="enabled"/>
		<user_parameter name="CONFIG.PCW_MIO_20_SLEW" value="fast"/>
		<user_parameter name="CONFIG.PCW_MIO_21_DIRECTION" value="out"/>
		<user_parameter name="CONFIG.PCW_MIO_21_IOTYPE" value="LVCMOS 1.8V"/>
		<user_parameter name="CONFIG.PCW_MIO_21_PULLUP" value="enabled"/>
		<user_parameter name="CONFIG.PCW_MIO_21_SLEW" value="fast"/>
		<user_parameter name="CONFIG.PCW_MIO_22_DIRECTION" value="in"/>
		<user_parameter name="CONFIG.PCW_MIO_22_IOTYPE" value="LVCMOS 1.8V"/>
		<user_parameter name="CONFIG.PCW_MIO_22_PULLUP" value="enabled"/>
		<user_parameter name="CONFIG.PCW_MIO_22_SLEW" value="fast"/>
		<user_parameter name="CONFIG.PCW_MIO_23_DIRECTION" value="in"/>
		<user_parameter name="CONFIG.PCW_MIO_23_IOTYPE" value="LVCMOS 1.8V"/>
		<user_parameter name="CONFIG.PCW_MIO_23_PULLUP" value="enabled"/>
		<user_parameter name="CONFIG.PCW_MIO_23_SLEW" value="fast"/>
		<user_parameter name="CONFIG.PCW_MIO_24_DIRECTION" value="in"/>
		<user_parameter name="CONFIG.PCW_MIO_24_IOTYPE" value="LVCMOS 1.8V"/>
		<user_parameter name="CONFIG.PCW_MIO_24_PULLUP" value="enabled"/>
		<user_parameter name="CONFIG.PCW_MIO_24_SLEW" value="fast"/>
		<user_parameter name="CONFIG.PCW_MIO_25_DIRECTION" value="in"/>
		<user_parameter name="CONFIG.PCW_MIO_25_IOTYPE" value="LVCMOS 1.8V"/>
		<user_parameter name="CONFIG.PCW_MIO_25_PULLUP" value="enabled"/>
		<user_parameter name="CONFIG.PCW_MIO_25_SLEW" value="fast"/>
		<user_parameter name="CONFIG.PCW_MIO_26_DIRECTION" value="in"/>
		<user_parameter name="CONFIG.PCW_MIO_26_IOTYPE" value="LVCMOS 1.8V"/>
		<user_parameter name="CONFIG.PCW_MIO_26_PULLUP" value="enabled"/>
		<user_parameter name="CONFIG.PCW_MIO_26_SLEW" value="fast"/>
		<user_parameter name="CONFIG.PCW_MIO_27_DIRECTION" value="in"/>
		<user_parameter name="CONFIG.PCW_MIO_27_IOTYPE" value="LVCMOS 1.8V"/>
		<user_parameter name="CONFIG.PCW_MIO_27_PULLUP" value="enabled"/>
		<user_parameter name="CONFIG.PCW_MIO_27_SLEW" value="fast"/>
		<user_parameter name="CONFIG.PCW_MIO_28_DIRECTION" value="inout"/>
		<user_parameter name="CONFIG.PCW_MIO_28_IOTYPE" value="LVCMOS 1.8V"/>
		<user_parameter name="CONFIG.PCW_MIO_28_PULLUP" value="enabled"/>
		<user_parameter name="CONFIG.PCW_MIO_28_SLEW" value="fast"/>
		<user_parameter name="CONFIG.PCW_MIO_29_DIRECTION" value="in"/>
		<user_parameter name="CONFIG.PCW_MIO_29_IOTYPE" value="LVCMOS 1.8V"/>
		<user_parameter name="CONFIG.PCW_MIO_29_PULLUP" value="enabled"/>
		<user_parameter name="CONFIG.PCW_MIO_29_SLEW" value="fast"/>
		<user_parameter name="CONFIG.PCW_MIO_2_DIRECTION" value="inout"/>
		<user_parameter name="CONFIG.PCW_MIO_2_IOTYPE" value="LVCMOS 3.3V"/>
		<user_parameter name="CONFIG.PCW_MIO_2_PULLUP" value="disabled"/>
		<user_parameter name="CONFIG.PCW_MIO_2_SLEW" value="slow"/>
		<user_parameter name="CONFIG.PCW_MIO_30_DIRECTION" value="out"/>
		<user_parameter name="CONFIG.PCW_MIO_30_IOTYPE" value="LVCMOS 1.8V"/>
		<user_parameter name="CONFIG.PCW_MIO_30_PULLUP" value="enabled"/>
		<user_parameter name="CONFIG.PCW_MIO_30_SLEW" value="fast"/>
		<user_parameter name="CONFIG.PCW_MIO_31_DIRECTION" value="in"/>
		<user_parameter name="CONFIG.PCW_MIO_31_IOTYPE" value="LVCMOS 1.8V"/>
		<user_parameter name="CONFIG.PCW_MIO_31_PULLUP" value="enabled"/>
		<user_parameter name="CONFIG.PCW_MIO_31_SLEW" value="fast"/>
		<user_parameter name="CONFIG.PCW_MIO_32_DIRECTION" value="inout"/>
		<user_parameter name="CONFIG.PCW_MIO_32_IOTYPE" value="LVCMOS 1.8V"/>
		<user_parameter name="CONFIG.PCW_MIO_32_PULLUP" value="enabled"/>
		<user_parameter name="CONFIG.PCW_MIO_32_SLEW" value="fast"/>
		<user_parameter name="CONFIG.PCW_MIO_33_DIRECTION" value="inout"/>
		<user_parameter name="CONFIG.PCW_MIO_33_IOTYPE" value="LVCMOS 1.8V"/>
		<user_parameter name="CONFIG.PCW_MIO_33_PULLUP" value="enabled"/>
		<user_parameter name="CONFIG.PCW_MIO_33_SLEW" value="fast"/>
		<user_parameter name="CONFIG.PCW_MIO_34_DIRECTION" value="inout"/>
		<user_parameter name="CONFIG.PCW_MIO_34_IOTYPE" value="LVCMOS 1.8V"/>
		<user_parameter name="CONFIG.PCW_MIO_34_PULLUP" value="enabled"/>
		<user_parameter name="CONFIG.PCW_MIO_34_SLEW" value="fast"/>
		<user_parameter name="CONFIG.PCW_MIO_35_DIRECTION" value="inout"/>
		<user_parameter name="CONFIG.PCW_MIO_35_IOTYPE" value="LVCMOS 1.8V"/>
		<user_parameter name="CONFIG.PCW_MIO_35_PULLUP" value="enabled"/>
		<user_parameter name="CONFIG.PCW_MIO_35_SLEW" value="fast"/>
		<user_parameter name="CONFIG.PCW_MIO_36_DIRECTION" value="in"/>
		<user_parameter name="CONFIG.PCW_MIO_36_IOTYPE" value="LVCMOS 1.8V"/>
		<user_parameter name="CONFIG.PCW_MIO_36_PULLUP" value="enabled"/>
		<user_parameter name="CONFIG.PCW_MIO_36_SLEW" value="fast"/>
		<user_parameter name="CONFIG.PCW_MIO_37_DIRECTION" value="inout"/>
		<user_parameter name="CONFIG.PCW_MIO_37_IOTYPE" value="LVCMOS 1.8V"/>
		<user_parameter name="CONFIG.PCW_MIO_37_PULLUP" value="enabled"/>
		<user_parameter name="CONFIG.PCW_MIO_37_SLEW" value="fast"/>
		<user_parameter name="CONFIG.PCW_MIO_38_DIRECTION" value="inout"/>
		<user_parameter name="CONFIG.PCW_MIO_38_IOTYPE" value="LVCMOS 1.8V"/>
		<user_parameter name="CONFIG.PCW_MIO_38_PULLUP" value="enabled"/>
		<user_parameter name="CONFIG.PCW_MIO_38_SLEW" value="fast"/>
		<user_parameter name="CONFIG.PCW_MIO_39_DIRECTION" value="inout"/>
		<user_parameter name="CONFIG.PCW_MIO_39_IOTYPE" value="LVCMOS 1.8V"/>
		<user_parameter name="CONFIG.PCW_MIO_39_PULLUP" value="enabled"/>
		<user_parameter name="CONFIG.PCW_MIO_39_SLEW" value="fast"/>
		<user_parameter name="CONFIG.PCW_MIO_3_DIRECTION" value="inout"/>
		<user_parameter name="CONFIG.PCW_MIO_3_IOTYPE" value="LVCMOS 3.3V"/>
		<user_parameter name="CONFIG.PCW_MIO_3_PULLUP" value="disabled"/>
		<user_parameter name="CONFIG.PCW_MIO_3_SLEW" value="slow"/>
		<user_parameter name="CONFIG.PCW_MIO_40_DIRECTION" value="inout"/>
		<user_parameter name="CONFIG.PCW_MIO_40_IOTYPE" value="LVCMOS 1.8V"/>
		<user_parameter name="CONFIG.PCW_MIO_40_PULLUP" value="enabled"/>
		<user_parameter name="CONFIG.PCW_MIO_40_SLEW" value="slow"/>
		<user_parameter name="CONFIG.PCW_MIO_41_DIRECTION" value="inout"/>
		<user_parameter name="CONFIG.PCW_MIO_41_IOTYPE" value="LVCMOS 1.8V"/>
		<user_parameter name="CONFIG.PCW_MIO_41_PULLUP" value="enabled"/>
		<user_parameter name="CONFIG.PCW_MIO_41_SLEW" value="slow"/>
		<user_parameter name="CONFIG.PCW_MIO_42_DIRECTION" value="inout"/>
		<user_parameter name="CONFIG.PCW_MIO_42_IOTYPE" value="LVCMOS 1.8V"/>
		<user_parameter name="CONFIG.PCW_MIO_42_PULLUP" value="enabled"/>
		<user_parameter name="CONFIG.PCW_MIO_42_SLEW" value="slow"/>
		<user_parameter name="CONFIG.PCW_MIO_43_DIRECTION" value="inout"/>
		<user_parameter name="CONFIG.PCW_MIO_43_IOTYPE" value="LVCMOS 1.8V"/>
		<user_parameter name="CONFIG.PCW_MIO_43_PULLUP" value="enabled"/>
		<user_parameter name="CONFIG.PCW_MIO_43_SLEW" value="slow"/>
		<user_parameter name="CONFIG.PCW_MIO_44_DIRECTION" value="inout"/>
		<user_parameter name="CONFIG.PCW_MIO_44_IOTYPE" value="LVCMOS 1.8V"/>
		<user_parameter name="CONFIG.PCW_MIO_44_PULLUP" value="enabled"/>
		<user_parameter name="CONFIG.PCW_MIO_44_SLEW" value="slow"/>
		<user_parameter name="CONFIG.PCW_MIO_45_DIRECTION" value="inout"/>
		<user_parameter name="CONFIG.PCW_MIO_45_IOTYPE" value="LVCMOS 1.8V"/>
		<user_parameter name="CONFIG.PCW_MIO_45_PULLUP" value="enabled"/>
		<user_parameter name="CONFIG.PCW_MIO_45_SLEW" value="slow"/>
		<user_parameter name="CONFIG.PCW_MIO_46_DIRECTION" value="out"/>
		<user_parameter name="CONFIG.PCW_MIO_46_IOTYPE" value="LVCMOS 1.8V"/>
		<user_parameter name="CONFIG.PCW_MIO_46_PULLUP" value="enabled"/>
		<user_parameter name="CONFIG.PCW_MIO_46_SLEW" value="slow"/>
		<user_parameter name="CONFIG.PCW_MIO_47_DIRECTION" value="in"/>
		<user_parameter name="CONFIG.PCW_MIO_47_IOTYPE" value="LVCMOS 1.8V"/>
		<user_parameter name="CONFIG.PCW_MIO_47_PULLUP" value="enabled"/>
		<user_parameter name="CONFIG.PCW_MIO_47_SLEW" value="slow"/>
		<user_parameter name="CONFIG.PCW_MIO_48_DIRECTION" value="out"/>
		<user_parameter name="CONFIG.PCW_MIO_48_IOTYPE" value="LVCMOS 1.8V"/>
		<user_parameter name="CONFIG.PCW_MIO_48_PULLUP" value="enabled"/>
		<user_parameter name="CONFIG.PCW_MIO_48_SLEW" value="slow"/>
		<user_parameter name="CONFIG.PCW_MIO_49_DIRECTION" value="in"/>
		<user_parameter name="CONFIG.PCW_MIO_49_IOTYPE" value="LVCMOS 1.8V"/>
		<user_parameter name="CONFIG.PCW_MIO_49_PULLUP" value="enabled"/>
		<user_parameter name="CONFIG.PCW_MIO_49_SLEW" value="slow"/>
		<user_parameter name="CONFIG.PCW_MIO_4_DIRECTION" value="inout"/>
		<user_parameter name="CONFIG.PCW_MIO_4_IOTYPE" value="LVCMOS 3.3V"/>
		<user_parameter name="CONFIG.PCW_MIO_4_PULLUP" value="disabled"/>
		<user_parameter name="CONFIG.PCW_MIO_4_SLEW" value="slow"/>
		<user_parameter name="CONFIG.PCW_MIO_50_DIRECTION" value="inout"/>
		<user_parameter name="CONFIG.PCW_MIO_50_IOTYPE" value="LVCMOS 1.8V"/>
		<user_parameter name="CONFIG.PCW_MIO_50_PULLUP" value="enabled"/>
		<user_parameter name="CONFIG.PCW_MIO_50_SLEW" value="slow"/>
		<user_parameter name="CONFIG.PCW_MIO_51_DIRECTION" value="inout"/>
		<user_parameter name="CONFIG.PCW_MIO_51_IOTYPE" value="LVCMOS 1.8V"/>
		<user_parameter name="CONFIG.PCW_MIO_51_PULLUP" value="enabled"/>
		<user_parameter name="CONFIG.PCW_MIO_51_SLEW" value="slow"/>
		<user_parameter name="CONFIG.PCW_MIO_52_DIRECTION" value="out"/>
		<user_parameter name="CONFIG.PCW_MIO_52_IOTYPE" value="LVCMOS 1.8V"/>
		<user_parameter name="CONFIG.PCW_MIO_52_PULLUP" value="enabled"/>
		<user_parameter name="CONFIG.PCW_MIO_52_SLEW" value="slow"/>
		<user_parameter name="CONFIG.PCW_MIO_53_DIRECTION" value="inout"/>
		<user_parameter name="CONFIG.PCW_MIO_53_IOTYPE" value="LVCMOS 1.8V"/>
		<user_parameter name="CONFIG.PCW_MIO_53_PULLUP" value="enabled"/>
		<user_parameter name="CONFIG.PCW_MIO_53_SLEW" value="slow"/>
		<user_parameter name="CONFIG.PCW_MIO_5_DIRECTION" value="inout"/>
		<user_parameter name="CONFIG.PCW_MIO_5_IOTYPE" value="LVCMOS 3.3V"/>
		<user_parameter name="CONFIG.PCW_MIO_5_PULLUP" value="disabled"/>
		<user_parameter name="CONFIG.PCW_MIO_5_SLEW" value="slow"/>
		<user_parameter name="CONFIG.PCW_MIO_6_DIRECTION" value="out"/>
		<user_parameter name="CONFIG.PCW_MIO_6_IOTYPE" value="LVCMOS 3.3V"/>
		<user_parameter name="CONFIG.PCW_MIO_6_PULLUP" value="disabled"/>
		<user_parameter name="CONFIG.PCW_MIO_6_SLEW" value="slow"/>
		<user_parameter name="CONFIG.PCW_MIO_7_DIRECTION" value="out"/>
		<user_parameter name="CONFIG.PCW_MIO_7_IOTYPE" value="LVCMOS 3.3V"/>
		<user_parameter name="CONFIG.PCW_MIO_7_PULLUP" value="disabled"/>
		<user_parameter name="CONFIG.PCW_MIO_7_SLEW" value="slow"/>
		<user_parameter name="CONFIG.PCW_MIO_8_DIRECTION" value="out"/>
		<user_parameter name="CONFIG.PCW_MIO_8_IOTYPE" value="LVCMOS 3.3V"/>
		<user_parameter name="CONFIG.PCW_MIO_8_PULLUP" value="disabled"/>
		<user_parameter name="CONFIG.PCW_MIO_8_SLEW" value="slow"/>
		<user_parameter name="CONFIG.PCW_MIO_9_DIRECTION" value="inout"/>
		<user_parameter name="CONFIG.PCW_MIO_9_IOTYPE" value="LVCMOS 3.3V"/>
		<user_parameter name="CONFIG.PCW_MIO_9_PULLUP" value="enabled"/>
		<user_parameter name="CONFIG.PCW_MIO_9_SLEW" value="slow"/>
		<user_parameter name="CONFIG.PCW_OVERRIDE_BASIC_CLOCK" value="0"/>
		<user_parameter name="CONFIG.PCW_PCAP_PERIPHERAL_CLKSRC" value="IO PLL"/>
		<user_parameter name="CONFIG.PCW_PCAP_PERIPHERAL_DIVISOR0" value="5"/>
		<user_parameter name="CONFIG.PCW_PCAP_PERIPHERAL_FREQMHZ" value="200"/>
		<user_parameter name="CONFIG.PCW_PJTAG_PERIPHERAL_ENABLE" value="0"/>
		<user_parameter name="CONFIG.PCW_PLL_BYPASSMODE_ENABLE" value="0"/>
		<user_parameter name="CONFIG.PCW_PRESET_BANK0_VOLTAGE" value="LVCMOS 3.3V"/>
		<user_parameter name="CONFIG.PCW_PRESET_BANK1_VOLTAGE" value="LVCMOS 1.8V"/>
		<user_parameter name="CONFIG.PCW_QSPI_GRP_FBCLK_ENABLE" value="1"/>
		<user_parameter name="CONFIG.PCW_QSPI_GRP_FBCLK_IO" value="MIO 8"/>
		<user_parameter name="CONFIG.PCW_QSPI_GRP_IO1_ENABLE" value="0"/>
		<user_parameter name="CONFIG.PCW_QSPI_GRP_SINGLE_SS_ENABLE" value="1"/>
		<user_parameter name="CONFIG.PCW_QSPI_GRP_SINGLE_SS_IO" value="MIO 1 .. 6"/>
		<user_parameter name="CONFIG.PCW_QSPI_GRP_SS1_ENABLE" value="0"/>
		<user_parameter name="CONFIG.PCW_QSPI_INTERNAL_HIGHADDRESS" value="0xFCFFFFFF"/>
		<user_parameter name="CONFIG.PCW_QSPI_PERIPHERAL_CLKSRC" value="IO PLL"/>
		<user_parameter name="CONFIG.PCW_QSPI_PERIPHERAL_DIVISOR0" value="5"/>
		<user_parameter name="CONFIG.PCW_QSPI_PERIPHERAL_ENABLE" value="1"/>
		<user_parameter name="CONFIG.PCW_QSPI_PERIPHERAL_FREQMHZ" value="200"/>
		<user_parameter name="CONFIG.PCW_QSPI_QSPI_IO" value="MIO 1 .. 6"/>
		<user_parameter name="CONFIG.PCW_SD0_GRP_CD_ENABLE" value="1"/>
		<user_parameter name="CONFIG.PCW_SD0_GRP_CD_IO" value="MIO 47"/>
		<user_parameter name="CONFIG.PCW_SD0_GRP_POW_ENABLE" value="0"/>
		<user_parameter name="CONFIG.PCW_SD0_GRP_WP_ENABLE" value="0"/>
		<user_parameter name="CONFIG.PCW_SD0_PERIPHERAL_ENABLE" value="1"/>
		<user_parameter name="CONFIG.PCW_SD0_SD0_IO" value="MIO 40 .. 45"/>
		<user_parameter name="CONFIG.PCW_SDIO_PERIPHERAL_CLKSRC" value="IO PLL"/>
		<user_parameter name="CONFIG.PCW_SDIO_PERIPHERAL_DIVISOR0" value="20"/>
		<user_parameter name="CONFIG.PCW_SDIO_PERIPHERAL_FREQMHZ" value="50"/>
		<user_parameter name="CONFIG.PCW_SMC_PERIPHERAL_CLKSRC" value="IO PLL"/>
		<user_parameter name="CONFIG.PCW_SMC_PERIPHERAL_DIVISOR0" value="1"/>
		<user_parameter name="CONFIG.PCW_SMC_PERIPHERAL_FREQMHZ" value="100"/>
		<user_parameter name="CONFIG.PCW_TPIU_PERIPHERAL_CLKSRC" value="External"/>
		<user_parameter name="CONFIG.PCW_TPIU_PERIPHERAL_DIVISOR0" value="1"/>
		<user_parameter name="CONFIG.PCW_TPIU_PERIPHERAL_FREQMHZ" value="200"/>
		<user_parameter name="CONFIG.PCW_UART1_BAUD_RATE" value="115200"/>
		<user_parameter name="CONFIG.PCW_UART1_GRP_FULL_ENABLE" value="0"/>
		<user_parameter name="CONFIG.PCW_UART1_PERIPHERAL_ENABLE" value="1"/>
		<user_parameter name="CONFIG.PCW_UART1_UART1_IO" value="MIO 48 .. 49"/>
		<user_parameter name="CONFIG.PCW_UART_PERIPHERAL_CLKSRC" value="IO PLL"/>
		<user_parameter name="CONFIG.PCW_UART_PERIPHERAL_DIVISOR0" value="10"/>
		<user_parameter name="CONFIG.PCW_UART_PERIPHERAL_FREQMHZ" value="100"/>
		<user_parameter name="CONFIG.PCW_UIPARAM_DDR_ADV_ENABLE" value="0"/>
		<user_parameter name="CONFIG.PCW_UIPARAM_DDR_AL" value="0"/>
		<user_parameter name="CONFIG.PCW_UIPARAM_DDR_BANK_ADDR_COUNT" value="3"/>
		<user_parameter name="CONFIG.PCW_UIPARAM_DDR_BL" value="8"/>
		<user_parameter name="CONFIG.PCW_UIPARAM_DDR_BOARD_DELAY0" value="0.221"/>
		<user_parameter name="CONFIG.PCW_UIPARAM_DDR_BOARD_DELAY1" value="0.222"/>
		<user_parameter name="CONFIG.PCW_UIPARAM_DDR_BOARD_DELAY2" value="0.217"/>
		<user_parameter name="CONFIG.PCW_UIPARAM_DDR_BOARD_DELAY3" value="0.244"/>
		<user_parameter name="CONFIG.PCW_UIPARAM_DDR_BUS_WIDTH" value="32 Bit"/>
		<user_parameter name="CONFIG.PCW_UIPARAM_DDR_CL" value="7"/>
		<user_parameter name="CONFIG.PCW_UIPARAM_DDR_CLOCK_0_LENGTH_MM" value="18.8"/>
		<user_parameter name="CONFIG.PCW_UIPARAM_DDR_CLOCK_0_PACKAGE_LENGTH" value="80.4535"/>
		<user_parameter name="CONFIG.PCW_UIPARAM_DDR_CLOCK_0_PROPOGATION_DELAY" value="160"/>
		<user_parameter name="CONFIG.PCW_UIPARAM_DDR_CLOCK_1_LENGTH_MM" value="18.8"/>
		<user_parameter name="CONFIG.PCW_UIPARAM_DDR_CLOCK_1_PACKAGE_LENGTH" value="80.4535"/>
		<user_parameter name="CONFIG.PCW_UIPARAM_DDR_CLOCK_1_PROPOGATION_DELAY" value="160"/>
		<user_parameter name="CONFIG.PCW_UIPARAM_DDR_CLOCK_2_LENGTH_MM" value="18.8"/>
		<user_parameter name="CONFIG.PCW_UIPARAM_DDR_CLOCK_2_PACKAGE_LENGTH" value="80.4535"/>
		<user_parameter name="CONFIG.PCW_UIPARAM_DDR_CLOCK_2_PROPOGATION_DELAY" value="160"/>
		<user_parameter name="CONFIG.PCW_UIPARAM_DDR_CLOCK_3_LENGTH_MM" value="18.8"/>
		<user_parameter name="CONFIG.PCW_UIPARAM_DDR_CLOCK_3_PACKAGE_LENGTH" value="80.4535"/>
		<user_parameter name="CONFIG.PCW_UIPARAM_DDR_CLOCK_3_PROPOGATION_DELAY" value="160"/>
		<user_parameter name="CONFIG.PCW_UIPARAM_DDR_CLOCK_STOP_EN" value="0"/>
		<user_parameter name="CONFIG.PCW_UIPARAM_DDR_COL_ADDR_COUNT" value="10"/>
		<user_parameter name="CONFIG.PCW_UIPARAM_DDR_CWL" value="6"/>
		<user_parameter name="CONFIG.PCW_UIPARAM_DDR_DEVICE_CAPACITY" value="4096 MBits"/>
		<user_parameter name="CONFIG.PCW_UIPARAM_DDR_DQS_0_LENGTH_MM" value="22.8"/>
		<user_parameter name="CONFIG.PCW_UIPARAM_DDR_DQS_0_PACKAGE_LENGTH" value="105.056"/>
		<user_parameter name="CONFIG.PCW_UIPARAM_DDR_DQS_0_PROPOGATION_DELAY" value="160"/>
		<user_parameter name="CONFIG.PCW_UIPARAM_DDR_DQS_1_LENGTH_MM" value="27.9"/>
		<user_parameter name="CONFIG.PCW_UIPARAM_DDR_DQS_1_PACKAGE_LENGTH" value="66.904"/>
		<user_parameter name="CONFIG.PCW_UIPARAM_DDR_DQS_1_PROPOGATION_DELAY" value="160"/>
		<user_parameter name="CONFIG.PCW_UIPARAM_DDR_DQS_2_LENGTH_MM" value="22.9"/>
		<user_parameter name="CONFIG.PCW_UIPARAM_DDR_DQS_2_PACKAGE_LENGTH" value="89.1715"/>
		<user_parameter name="CONFIG.PCW_UIPARAM_DDR_DQS_2_PROPOGATION_DELAY" value="160"/>
		<user_parameter name="CONFIG.PCW_UIPARAM_DDR_DQS_3_LENGTH_MM" value="29.4"/>
		<user_parameter name="CONFIG.PCW_UIPARAM_DDR_DQS_3_PACKAGE_LENGTH" value="113.63"/>
		<user_parameter name="CONFIG.PCW_UIPARAM_DDR_DQS_3_PROPOGATION_DELAY" value="160"/>
		<user_parameter name="CONFIG.PCW_UIPARAM_DDR_DQS_TO_CLK_DELAY_0" value="-0.050"/>
		<user_parameter name="CONFIG.PCW_UIPARAM_DDR_DQS_TO_CLK_DELAY_1" value="-0.044"/>
		<user_parameter name="CONFIG.PCW_UIPARAM_DDR_DQS_TO_CLK_DELAY_2" value="-0.035"/>
		<user_parameter name="CONFIG.PCW_UIPARAM_DDR_DQS_TO_CLK_DELAY_3" value="-0.100"/>
		<user_parameter name="CONFIG.PCW_UIPARAM_DDR_DQ_0_LENGTH_MM" value="22.8"/>
		<user_parameter name="CONFIG.PCW_UIPARAM_DDR_DQ_0_PACKAGE_LENGTH" value="98.503"/>
		<user_parameter name="CONFIG.PCW_UIPARAM_DDR_DQ_0_PROPOGATION_DELAY" value="160"/>
		<user_parameter name="CONFIG.PCW_UIPARAM_DDR_DQ_1_LENGTH_MM" value="27.9"/>
		<user_parameter name="CONFIG.PCW_UIPARAM_DDR_DQ_1_PACKAGE_LENGTH" value="68.5855"/>
		<user_parameter name="CONFIG.PCW_UIPARAM_DDR_DQ_1_PROPOGATION_DELAY" value="160"/>
		<user_parameter name="CONFIG.PCW_UIPARAM_DDR_DQ_2_LENGTH_MM" value="22.9"/>
		<user_parameter name="CONFIG.PCW_UIPARAM_DDR_DQ_2_PACKAGE_LENGTH" value="90.295"/>
		<user_parameter name="CONFIG.PCW_UIPARAM_DDR_DQ_2_PROPOGATION_DELAY" value="160"/>
		<user_parameter name="CONFIG.PCW_UIPARAM_DDR_DQ_3_LENGTH_MM" value="29.4"/>
		<user_parameter name="CONFIG.PCW_UIPARAM_DDR_DQ_3_PACKAGE_LENGTH" value="103.977"/>
		<user_parameter name="CONFIG.PCW_UIPARAM_DDR_DQ_3_PROPOGATION_DELAY" value="160"/>
		<user_parameter name="CONFIG.PCW_UIPARAM_DDR_DRAM_WIDTH" value="16 Bits"/>
		<user_parameter name="CONFIG.PCW_UIPARAM_DDR_ECC" value="Disabled"/>
		<user_parameter name="CONFIG.PCW_UIPARAM_DDR_ENABLE" value="1"/>
		<user_parameter name="CONFIG.PCW_UIPARAM_DDR_FREQ_MHZ" value="533.333333"/>
		<user_parameter name="CONFIG.PCW_UIPARAM_DDR_HIGH_TEMP" value="Normal (0-85)"/>
		<user_parameter name="CONFIG.PCW_UIPARAM_DDR_MEMORY_TYPE" value="DDR 3 (Low Voltage)"/>
		<user_parameter name="CONFIG.PCW_UIPARAM_DDR_PARTNO" value="MT41K256M16 RE-125"/>
		<user_parameter name="CONFIG.PCW_UIPARAM_DDR_ROW_ADDR_COUNT" value="15"/>
		<user_parameter name="CONFIG.PCW_UIPARAM_DDR_SPEED_BIN" value="DDR3_1066F"/>
		<user_parameter name="CONFIG.PCW_UIPARAM_DDR_TRAIN_DATA_EYE" value="1"/>
		<user_parameter name="CONFIG.PCW_UIPARAM_DDR_TRAIN_READ_GATE" value="1"/>
		<user_parameter name="CONFIG.PCW_UIPARAM_DDR_TRAIN_WRITE_LEVEL" value="1"/>
		<user_parameter name="CONFIG.PCW_UIPARAM_DDR_T_FAW" value="40.0"/>
		<user_parameter name="CONFIG.PCW_UIPARAM_DDR_T_RAS_MIN" value="35.0"/>
		<user_parameter name="CONFIG.PCW_UIPARAM_DDR_T_RC" value="48.75"/>
		<user_parameter name="CONFIG.PCW_UIPARAM_DDR_T_RCD" value="7"/>
		<user_parameter name="CONFIG.PCW_UIPARAM_DDR_T_RP" value="7"/>
		<user_parameter name="CONFIG.PCW_UIPARAM_DDR_USE_INTERNAL_VREF" value="0"/>
		<user_parameter name="CONFIG.PCW_USB0_PERIPHERAL_ENABLE" value="1"/>
		<user_parameter name="CONFIG.PCW_USB0_PERIPHERAL_FREQMHZ" value="60"/>
		<user_parameter name="CONFIG.PCW_USB0_RESET_ENABLE" value="1"/>
		<user_parameter name="CONFIG.PCW_USB0_RESET_IO" value="MIO 46"/>
		<user_parameter name="CONFIG.PCW_USB0_USB0_IO" value="MIO 28 .. 39"/>
		<user_parameter name="CONFIG.PCW_USB_RESET_ENABLE" value="1"/>
		<user_parameter name="CONFIG.PCW_USB_RESET_POLARITY" value="Active Low"/>
		<user_parameter name="CONFIG.PCW_USB_RESET_SELECT" value="Share reset pin"/>
		<user_parameter name="CONFIG.PCW_USE_AXI_NONSECURE" value="0"/>
		<user_parameter name="CONFIG.PCW_USE_CROSS_TRIGGER" value="0"/>
		<user_parameter name="CONFIG.PCW_USE_M_AXI_GP0" value="1"/>
      </user_parameters>
    </ip>
  </ip_preset>
  
  <ip_preset preset_proc_name="dip_switches_4bits_preset">
    <ip vendor="xilinx.com" library="ip" name="axi_gpio" ip_interface="GPIO">
        <user_parameters>
          <user_parameter name="CONFIG.C_GPIO_WIDTH" value="4"/> 
          <user_parameter name="CONFIG.C_ALL_INPUTS" value="1"/> 
	  <user_parameter name="CONFIG.C_ALL_OUTPUTS" value="0"/>
        </user_parameters>
    </ip>
    <ip vendor="xilinx.com" library="ip" name="axi_gpio" ip_interface="GPIO2">
        <user_parameters>
          <user_parameter name="CONFIG.C_IS_DUAL" value="1"/> 
          <user_parameter name="CONFIG.C_GPIO2_WIDTH" value="4"/> 
          <user_parameter name="CONFIG.C_ALL_INPUTS_2" value="1"/> 
	  <user_parameter name="CONFIG.C_ALL_OUTPUTS_2" value="0"/>
        </user_parameters>
    </ip>
	<ip vendor="xilinx.com" library="ip" name="iomodule" ip_interface="GPIO1">
        <user_parameters>
          <user_parameter name="CONFIG.C_USE_GPI1" value="1"/> 
          <user_parameter name="CONFIG.C_GPI1_SIZE" value="4"/> 
        </user_parameters>
    </ip>
    <ip vendor="xilinx.com" library="ip" name="iomodule" ip_interface="GPIO2">
        <user_parameters>
          <user_parameter name="CONFIG.C_USE_GPI2" value="1"/> 
          <user_parameter name="CONFIG.C_GPI2_SIZE" value="4"/> 
        </user_parameters>
    </ip>
    <ip vendor="xilinx.com" library="ip" name="iomodule" ip_interface="GPIO3">
        <user_parameters>
          <user_parameter name="CONFIG.C_USE_GPI3" value="1"/> 
          <user_parameter name="CONFIG.C_GPI3_SIZE" value="4"/> 
        </user_parameters>
    </ip>
    <ip vendor="xilinx.com" library="ip" name="iomodule" ip_interface="GPIO4">
        <user_parameters>
          <user_parameter name="CONFIG.C_USE_GPI4" value="1"/> 
          <user_parameter name="CONFIG.C_GPI4_SIZE" value="4"/> 
        </user_parameters>
    </ip>
    <ip vendor="xilinx.com" library="ip" name="microblaze_mcs" ip_interface="GPIO1">
        <user_parameters>
          <user_parameter name="CONFIG.USE_GPI1" value="1"/> 
          <user_parameter name="CONFIG.GPI1_SIZE" value="4"/> 
        </user_parameters>
    </ip>
    <ip vendor="xilinx.com" library="ip" name="microblaze_mcs" ip_interface="GPIO2">
        <user_parameters>
          <user_parameter name="CONFIG.USE_GPI2" value="1"/> 
          <user_parameter name="CONFIG.GPI2_SIZE" value="4"/> 
        </user_parameters>
    </ip>
     <ip vendor="xilinx.com" library="ip" name="microblaze_mcs" ip_interface="GPIO3">
        <user_parameters>
          <user_parameter name="CONFIG.USE_GPI3" value="1"/> 
          <user_parameter name="CONFIG.GPI1_SIZE" value="4"/> 
        </user_parameters>
    </ip>
    <ip vendor="xilinx.com" library="ip" name="microblaze_mcs" ip_interface="GPIO4">
        <user_parameters>
          <user_parameter name="CONFIG.USE_GPI4" value="1"/> 
          <user_parameter name="CONFIG.GPI2_SIZE" value="4"/> 
        </user_parameters>
    </ip>
  </ip_preset>
  
  <ip_preset preset_proc_name="push_buttons_4bits_preset">
    <ip vendor="xilinx.com" library="ip" name="axi_gpio" ip_interface="GPIO">
        <user_parameters>
          <user_parameter name="CONFIG.C_GPIO_WIDTH" value="4"/> 
          <user_parameter name="CONFIG.C_ALL_INPUTS" value="1"/> 
	  <user_parameter name="CONFIG.C_ALL_OUTPUTS" value="0"/>
        </user_parameters>
    </ip>
    <ip vendor="xilinx.com" library="ip" name="axi_gpio" ip_interface="GPIO2">
        <user_parameters>
          <user_parameter name="CONFIG.C_IS_DUAL" value="1"/> 
          <user_parameter name="CONFIG.C_GPIO2_WIDTH" value="4"/> 
          <user_parameter name="CONFIG.C_ALL_INPUTS_2" value="1"/> 
	  <user_parameter name="CONFIG.C_ALL_OUTPUTS_2" value="0"/>
        </user_parameters>
    </ip>
	<ip vendor="xilinx.com" library="ip" name="iomodule" ip_interface="GPIO1">
        <user_parameters>
          <user_parameter name="CONFIG.C_USE_GPI1" value="1"/> 
          <user_parameter name="CONFIG.C_GPI1_SIZE" value="4"/> 
        </user_parameters>
    </ip>
    <ip vendor="xilinx.com" library="ip" name="iomodule" ip_interface="GPIO2">
        <user_parameters>
          <user_parameter name="CONFIG.C_USE_GPI2" value="1"/> 
          <user_parameter name="CONFIG.C_GPI2_SIZE" value="4"/> 
        </user_parameters>
    </ip>
    <ip vendor="xilinx.com" library="ip" name="iomodule" ip_interface="GPIO3">
        <user_parameters>
          <user_parameter name="CONFIG.C_USE_GPI3" value="1"/> 
          <user_parameter name="CONFIG.C_GPI3_SIZE" value="4"/> 
        </user_parameters>
    </ip>
    <ip vendor="xilinx.com" library="ip" name="iomodule" ip_interface="GPIO4">
        <user_parameters>
          <user_parameter name="CONFIG.C_USE_GPI4" value="1"/> 
          <user_parameter name="CONFIG.C_GPI4_SIZE" value="4"/> 
        </user_parameters>
    </ip>
    <ip vendor="xilinx.com" library="ip" name="microblaze_mcs" ip_interface="GPIO1">
        <user_parameters>
          <user_parameter name="CONFIG.USE_GPI1" value="1"/> 
          <user_parameter name="CONFIG.GPI1_SIZE" value="4"/> 
        </user_parameters>
    </ip>
    <ip vendor="xilinx.com" library="ip" name="microblaze_mcs" ip_interface="GPIO2">
        <user_parameters>
          <user_parameter name="CONFIG.USE_GPI2" value="1"/> 
          <user_parameter name="CONFIG.GPI2_SIZE" value="4"/> 
        </user_parameters>
    </ip>
     <ip vendor="xilinx.com" library="ip" name="microblaze_mcs" ip_interface="GPIO3">
        <user_parameters>
          <user_parameter name="CONFIG.USE_GPI3" value="1"/> 
          <user_parameter name="CONFIG.GPI1_SIZE" value="4"/> 
        </user_parameters>
    </ip>
    <ip vendor="xilinx.com" library="ip" name="microblaze_mcs" ip_interface="GPIO4">
        <user_parameters>
          <user_parameter name="CONFIG.USE_GPI4" value="1"/> 
          <user_parameter name="CONFIG.GPI2_SIZE" value="4"/> 
        </user_parameters>
    </ip>
  </ip_preset>
  
  <ip_preset preset_proc_name="led_4bits_preset">
    <ip vendor="xilinx.com" library="ip" name="axi_gpio" ip_interface="GPIO">
        <user_parameters>
          <user_parameter name="CONFIG.C_GPIO_WIDTH" value="4"/> 
        </user_parameters>
    </ip>
    <ip vendor="xilinx.com" library="ip" name="axi_gpio" ip_interface="GPIO2">
        <user_parameters>
          <user_parameter name="CONFIG.C_IS_DUAL" value="1"/> 
          <user_parameter name="CONFIG.C_GPIO2_WIDTH" value="4"/> 
        </user_parameters>
    </ip>
	<ip vendor="xilinx.com" library="ip" name="iomodule" ip_interface="GPIO1">
        <user_parameters>
          <user_parameter name="CONFIG.C_USE_GPI1" value="1"/> 
          <user_parameter name="CONFIG.C_GPI1_SIZE" value="4"/> 
        </user_parameters>
    </ip>
    <ip vendor="xilinx.com" library="ip" name="iomodule" ip_interface="GPIO2">
        <user_parameters>
          <user_parameter name="CONFIG.C_USE_GPI2" value="1"/> 
          <user_parameter name="CONFIG.C_GPI2_SIZE" value="4"/> 
        </user_parameters>
    </ip>
    <ip vendor="xilinx.com" library="ip" name="iomodule" ip_interface="GPIO3">
        <user_parameters>
          <user_parameter name="CONFIG.C_USE_GPI3" value="1"/> 
          <user_parameter name="CONFIG.C_GPI3_SIZE" value="4"/> 
        </user_parameters>
    </ip>
    <ip vendor="xilinx.com" library="ip" name="iomodule" ip_interface="GPIO4">
        <user_parameters>
          <user_parameter name="CONFIG.C_USE_GPI4" value="1"/> 
          <user_parameter name="CONFIG.C_GPI4_SIZE" value="4"/> 
        </user_parameters>
    </ip>
    <ip vendor="xilinx.com" library="ip" name="microblaze_mcs" ip_interface="GPIO1">
        <user_parameters>
          <user_parameter name="CONFIG.USE_GPI1" value="1"/> 
          <user_parameter name="CONFIG.GPI1_SIZE" value="4"/> 
        </user_parameters>
    </ip>
    <ip vendor="xilinx.com" library="ip" name="microblaze_mcs" ip_interface="GPIO2">
        <user_parameters>
          <user_parameter name="CONFIG.USE_GPI2" value="1"/> 
          <user_parameter name="CONFIG.GPI2_SIZE" value="4"/> 
        </user_parameters>
    </ip>
     <ip vendor="xilinx.com" library="ip" name="microblaze_mcs" ip_interface="GPIO3">
        <user_parameters>
          <user_parameter name="CONFIG.USE_GPI3" value="1"/> 
          <user_parameter name="CONFIG.GPI1_SIZE" value="4"/> 
        </user_parameters>
    </ip>
    <ip vendor="xilinx.com" library="ip" name="microblaze_mcs" ip_interface="GPIO4">
        <user_parameters>
          <user_parameter name="CONFIG.USE_GPI4" value="1"/> 
          <user_parameter name="CONFIG.GPI2_SIZE" value="4"/> 
        </user_parameters>
    </ip>
  </ip_preset>
  
  <ip_preset preset_proc_name="output_1bit_preset">
    <ip vendor="xilinx.com" library="ip" name="axi_gpio" ip_interface="GPIO">
        <user_parameters>
          <user_parameter name="CONFIG.C_GPIO_WIDTH" value="1"/> 
        </user_parameters>
    </ip>
    <ip vendor="xilinx.com" library="ip" name="axi_gpio" ip_interface="GPIO2">
        <user_parameters>
          <user_parameter name="CONFIG.C_IS_DUAL" value="1"/> 
          <user_parameter name="CONFIG.C_GPIO2_WIDTH" value="1"/> 
        </user_parameters>
    </ip>
	<ip vendor="xilinx.com" library="ip" name="iomodule" ip_interface="GPIO1">
        <user_parameters>
          <user_parameter name="CONFIG.C_USE_GPI1" value="1"/> 
          <user_parameter name="CONFIG.C_GPI1_SIZE" value="1"/> 
        </user_parameters>
    </ip>
    <ip vendor="xilinx.com" library="ip" name="iomodule" ip_interface="GPIO2">
        <user_parameters>
          <user_parameter name="CONFIG.C_USE_GPI2" value="1"/> 
          <user_parameter name="CONFIG.C_GPI2_SIZE" value="1"/> 
        </user_parameters>
    </ip>
    <ip vendor="xilinx.com" library="ip" name="iomodule" ip_interface="GPIO3">
        <user_parameters>
          <user_parameter name="CONFIG.C_USE_GPI3" value="1"/> 
          <user_parameter name="CONFIG.C_GPI3_SIZE" value="1"/> 
        </user_parameters>
    </ip>
    <ip vendor="xilinx.com" library="ip" name="iomodule" ip_interface="GPIO4">
        <user_parameters>
          <user_parameter name="CONFIG.C_USE_GPI4" value="1"/> 
          <user_parameter name="CONFIG.C_GPI4_SIZE" value="1"/> 
        </user_parameters>
    </ip>
    <ip vendor="xilinx.com" library="ip" name="microblaze_mcs" ip_interface="GPIO1">
        <user_parameters>
          <user_parameter name="CONFIG.USE_GPI1" value="1"/> 
          <user_parameter name="CONFIG.GPI1_SIZE" value="1"/> 
        </user_parameters>
    </ip>
    <ip vendor="xilinx.com" library="ip" name="microblaze_mcs" ip_interface="GPIO2">
        <user_parameters>
          <user_parameter name="CONFIG.USE_GPI2" value="1"/> 
          <user_parameter name="CONFIG.GPI2_SIZE" value="1"/> 
        </user_parameters>
    </ip>
     <ip vendor="xilinx.com" library="ip" name="microblaze_mcs" ip_interface="GPIO3">
        <user_parameters>
          <user_parameter name="CONFIG.USE_GPI3" value="1"/> 
          <user_parameter name="CONFIG.GPI1_SIZE" value="1"/> 
        </user_parameters>
    </ip>
    <ip vendor="xilinx.com" library="ip" name="microblaze_mcs" ip_interface="GPIO4">
        <user_parameters>
          <user_parameter name="CONFIG.USE_GPI4" value="1"/> 
          <user_parameter name="CONFIG.GPI2_SIZE" value="1"/> 
        </user_parameters>
    </ip>
  </ip_preset>
  
  <ip_preset preset_proc_name="sys_clock_preset">
    <ip vendor="xilinx.com" library="ip" name="clk_wiz" ip_interface="clk_in1">
        <user_parameters>
          <user_parameter name="CONFIG.PRIM_IN_FREQ" value="125"/> 
          <user_parameter name="CONFIG.PRIM_SOURCE" value="Single_ended_clock_capable_pin"/> 
		  <user_parameter name="CONFIG.RESET_TYPE" value="ACTIVE_LOW"/> 
        </user_parameters>
    </ip>
    <ip vendor="xilinx.com" library="ip" name="clk_wiz" ip_interface="clk_in2">
        <user_parameters>
	<user_parameter name="CONFIG.USE_INCLK_SWITCHOVER" value="true"/>
        <user_parameter name="CONFIG.SECONDARY_IN_FREQ" value="125"/>
        <user_parameter name="CONFIG.SECONDARY_SOURCE" value="Single_ended_clock_capable_pin"/> 
		<user_parameter name="CONFIG.RESET_TYPE" value="ACTIVE_LOW"/> 
        </user_parameters>
    </ip>
  </ip_preset>
</ip_presets>
